"filename", "language", "YAML", "Java", "XML", "MS SQL", "Java Properties", "comment", "blank", "total"
"d:\examples\blog\src\main\java\com\kitty\blog\BlogApplication.java", "Java", 0, 13, 0, 0, 0, 0, 5, 18
"d:\examples\blog\src\main\java\com\kitty\blog\aspect\LoggingAspect.java", "Java", 0, 21, 0, 0, 0, 1, 6, 28
"d:\examples\blog\src\main\java\com\kitty\blog\component\sql\CustomDatabaseInitializer.java", "Java", 0, 57, 0, 0, 0, 0, 13, 70
"d:\examples\blog\src\main\java\com\kitty\blog\config\AsyncConfig.java", "Java", 0, 19, 0, 0, 0, 0, 3, 22
"d:\examples\blog\src\main\java\com\kitty\blog\config\CorsConfig.java", "Java", 0, 20, 0, 0, 0, 0, 3, 23
"d:\examples\blog\src\main\java\com\kitty\blog\config\JacksonConfig.java", "Java", 0, 12, 0, 0, 0, 0, 2, 14
"d:\examples\blog\src\main\java\com\kitty\blog\config\MailConfig.java", "Java", 0, 41, 0, 0, 0, 0, 17, 58
"d:\examples\blog\src\main\java\com\kitty\blog\config\RedisConfig.java", "Java", 0, 30, 0, 0, 0, 3, 7, 40
"d:\examples\blog\src\main\java\com\kitty\blog\config\SecurityConfig.java", "Java", 0, 80, 0, 0, 0, 35, 17, 132
"d:\examples\blog\src\main\java\com\kitty\blog\config\SwaggerConfig.java", "Java", 0, 56, 0, 0, 0, 4, 10, 70
"d:\examples\blog\src\main\java\com\kitty\blog\config\WebConfig.java", "Java", 0, 29, 0, 0, 0, 0, 5, 34
"d:\examples\blog\src\main\java\com\kitty\blog\config\WebSocketConfig.java", "Java", 0, 84, 0, 0, 0, 3, 12, 99
"d:\examples\blog\src\main\java\com\kitty\blog\config\WebSocketSecurityConfig.java", "Java", 0, 46, 0, 0, 0, 0, 8, 54
"d:\examples\blog\src\main\java\com\kitty\blog\controller\common\CategoryController.java", "Java", 0, 181, 0, 0, 0, 76, 21, 278
"d:\examples\blog\src\main\java\com\kitty\blog\controller\common\TagController.java", "Java", 0, 162, 0, 0, 0, 49, 15, 226
"d:\examples\blog\src\main\java\com\kitty\blog\controller\constant\Role.java", "Java", 0, 17, 0, 0, 0, 0, 16, 33
"d:\examples\blog\src\main\java\com\kitty\blog\controller\constant\Visibility.java", "Java", 0, 6, 0, 0, 0, 0, 2, 8
"d:\examples\blog\src\main\java\com\kitty\blog\controller\post\AuthorAnalyticsController.java", "Java", 0, 33, 0, 0, 0, 3, 4, 40
"d:\examples\blog\src\main\java\com\kitty\blog\controller\post\CommentController.java", "Java", 0, 167, 0, 0, 0, 64, 17, 248
"d:\examples\blog\src\main\java\com\kitty\blog\controller\post\ExportController.java", "Java", 0, 74, 0, 0, 0, 0, 6, 80
"d:\examples\blog\src\main\java\com\kitty\blog\controller\post\FavoriteController.java", "Java", 0, 169, 0, 0, 0, 27, 19, 215
"d:\examples\blog\src\main\java\com\kitty\blog\controller\post\PostController.java", "Java", 0, 482, 0, 0, 0, 152, 34, 668
"d:\examples\blog\src\main\java\com\kitty\blog\controller\post\PostVersionController.java", "Java", 0, 99, 0, 0, 0, 33, 13, 145
"d:\examples\blog\src\main\java\com\kitty\blog\controller\post\RecommendationController.java", "Java", 0, 43, 0, 0, 0, 6, 6, 55
"d:\examples\blog\src\main\java\com\kitty\blog\controller\post\ReportController.java", "Java", 0, 225, 0, 0, 0, 70, 19, 314
"d:\examples\blog\src\main\java\com\kitty\blog\controller\user\MessageController.java", "Java", 0, 221, 0, 0, 0, 75, 24, 320
"d:\examples\blog\src\main\java\com\kitty\blog\controller\user\PermissionController.java", "Java", 0, 115, 0, 0, 0, 0, 13, 128
"d:\examples\blog\src\main\java\com\kitty\blog\controller\user\RoleController.java", "Java", 0, 199, 0, 0, 0, 59, 18, 276
"d:\examples\blog\src\main\java\com\kitty\blog\controller\user\RolePermissionController.java", "Java", 0, 173, 0, 0, 0, 0, 14, 187
"d:\examples\blog\src\main\java\com\kitty\blog\controller\user\UserActivityController.java", "Java", 0, 211, 0, 0, 0, 60, 18, 289
"d:\examples\blog\src\main\java\com\kitty\blog\controller\user\UserController.java", "Java", 0, 350, 0, 0, 0, 91, 23, 464
"d:\examples\blog\src\main\java\com\kitty\blog\controller\user\UserRoleController.java", "Java", 0, 131, 0, 0, 0, 29, 12, 172
"d:\examples\blog\src\main\java\com\kitty\blog\controller\user\UserSettingController.java", "Java", 0, 126, 0, 0, 0, 35, 13, 174
"d:\examples\blog\src\main\java\com\kitty\blog\controller\user\WebSocketController.java", "Java", 0, 117, 0, 0, 0, 3, 18, 138
"d:\examples\blog\src\main\java\com\kitty\blog\controller\user\security\CaptchaController.java", "Java", 0, 73, 0, 0, 0, 6, 12, 91
"d:\examples\blog\src\main\java\com\kitty\blog\controller\user\security\EmailVerificationController.java", "Java", 0, 41, 0, 0, 0, 2, 7, 50
"d:\examples\blog\src\main\java\com\kitty\blog\dto\category\CategoryTreeBuilder.java", "Java", 0, 29, 0, 0, 0, 2, 8, 39
"d:\examples\blog\src\main\java\com\kitty\blog\dto\category\TreeDto.java", "Java", 0, 14, 0, 0, 0, 0, 7, 21
"d:\examples\blog\src\main\java\com\kitty\blog\dto\comment\CommentTreeBuilder.java", "Java", 0, 29, 0, 0, 0, 2, 8, 39
"d:\examples\blog\src\main\java\com\kitty\blog\dto\comment\TreeDto.java", "Java", 0, 19, 0, 0, 0, 0, 5, 24
"d:\examples\blog\src\main\java\com\kitty\blog\dto\common\FileDto.java", "Java", 0, 17, 0, 0, 0, 0, 8, 25
"d:\examples\blog\src\main\java\com\kitty\blog\dto\message\MessageInfo.java", "Java", 0, 55, 0, 0, 0, 3, 16, 74
"d:\examples\blog\src\main\java\com\kitty\blog\dto\message\MessageStatusUpdate.java", "Java", 0, 19, 0, 0, 0, 0, 3, 22
"d:\examples\blog\src\main\java\com\kitty\blog\dto\userRole\FindDto.java", "Java", 0, 14, 0, 0, 0, 0, 8, 22
"d:\examples\blog\src\main\java\com\kitty\blog\dto\user\EmailVerificationDto.java", "Java", 0, 11, 0, 0, 0, 0, 7, 18
"d:\examples\blog\src\main\java\com\kitty\blog\dto\user\LoginDto.java", "Java", 0, 11, 0, 0, 0, 0, 6, 17
"d:\examples\blog\src\main\java\com\kitty\blog\dto\user\LoginResponseDto.java", "Java", 0, 46, 0, 0, 0, 0, 17, 63
"d:\examples\blog\src\main\java\com\kitty\blog\dto\user\RegisterDto.java", "Java", 0, 12, 0, 0, 0, 0, 6, 18
"d:\examples\blog\src\main\java\com\kitty\blog\exception\WebSocketAuthenticationException.java", "Java", 0, 9, 0, 0, 0, 0, 2, 11
"d:\examples\blog\src\main\java\com\kitty\blog\model\Comment.java", "Java", 0, 95, 0, 0, 0, 8, 21, 124
"d:\examples\blog\src\main\java\com\kitty\blog\model\Favorite.java", "Java", 0, 71, 0, 0, 0, 5, 17, 93
"d:\examples\blog\src\main\java\com\kitty\blog\model\Permission.java", "Java", 0, 30, 0, 0, 0, 1, 13, 44
"d:\examples\blog\src\main\java\com\kitty\blog\model\Post.java", "Java", 0, 105, 0, 0, 0, 5, 28, 138
"d:\examples\blog\src\main\java\com\kitty\blog\model\PostAttachment.java", "Java", 0, 28, 0, 0, 0, 0, 11, 39
"d:\examples\blog\src\main\java\com\kitty\blog\model\PostVersion.java", "Java", 0, 82, 0, 0, 0, 5, 20, 107
"d:\examples\blog\src\main\java\com\kitty\blog\model\Role.java", "Java", 0, 58, 0, 0, 0, 3, 14, 75
"d:\examples\blog\src\main\java\com\kitty\blog\model\User.java", "Java", 0, 94, 0, 0, 0, 4, 26, 124
"d:\examples\blog\src\main\java\com\kitty\blog\model\UserSetting.java", "Java", 0, 62, 0, 0, 0, 4, 18, 84
"d:\examples\blog\src\main\java\com\kitty\blog\model\category\Category.java", "Java", 0, 50, 0, 0, 0, 12, 14, 76
"d:\examples\blog\src\main\java\com\kitty\blog\model\category\PostCategory.java", "Java", 0, 56, 0, 0, 0, 0, 12, 68
"d:\examples\blog\src\main\java\com\kitty\blog\model\category\PostCategoryId.java", "Java", 0, 36, 0, 0, 0, 1, 10, 47
"d:\examples\blog\src\main\java\com\kitty\blog\model\message\Message.java", "Java", 0, 85, 0, 0, 0, 5, 21, 111
"d:\examples\blog\src\main\java\com\kitty\blog\model\message\MessageStatus.java", "Java", 0, 9, 0, 0, 0, 0, 3, 12
"d:\examples\blog\src\main\java\com\kitty\blog\model\report\Report.java", "Java", 0, 74, 0, 0, 0, 5, 19, 98
"d:\examples\blog\src\main\java\com\kitty\blog\model\report\StatusType.java", "Java", 0, 14, 0, 0, 0, 0, 5, 19
"d:\examples\blog\src\main\java\com\kitty\blog\model\rolePermission\RolePermission.java", "Java", 0, 35, 0, 0, 0, 0, 10, 45
"d:\examples\blog\src\main\java\com\kitty\blog\model\rolePermission\RolePermissionId.java", "Java", 0, 36, 0, 0, 0, 0, 10, 46
"d:\examples\blog\src\main\java\com\kitty\blog\model\tag\Compare.java", "Java", 0, 14, 0, 0, 0, 0, 6, 20
"d:\examples\blog\src\main\java\com\kitty\blog\model\tag\PostTag.java", "Java", 0, 56, 0, 0, 0, 0, 11, 67
"d:\examples\blog\src\main\java\com\kitty\blog\model\tag\PostTagId.java", "Java", 0, 42, 0, 0, 0, 3, 12, 57
"d:\examples\blog\src\main\java\com\kitty\blog\model\tag\Tag.java", "Java", 0, 56, 0, 0, 0, 3, 13, 72
"d:\examples\blog\src\main\java\com\kitty\blog\model\userActivity\ActivityType.java", "Java", 0, 25, 0, 0, 0, 0, 7, 32
"d:\examples\blog\src\main\java\com\kitty\blog\model\userActivity\UserActivity.java", "Java", 0, 82, 0, 0, 0, 5, 17, 104
"d:\examples\blog\src\main\java\com\kitty\blog\model\userRole\UserRole.java", "Java", 0, 58, 0, 0, 0, 4, 14, 76
"d:\examples\blog\src\main\java\com\kitty\blog\model\userRole\UserRoleId.java", "Java", 0, 39, 0, 0, 0, 0, 10, 49
"d:\examples\blog\src\main\java\com\kitty\blog\repository\BaseRepository.java", "Java", 0, 11, 0, 0, 0, 10, 5, 26
"d:\examples\blog\src\main\java\com\kitty\blog\repository\CategoryRepository.java", "Java", 0, 27, 0, 0, 0, 52, 18, 97
"d:\examples\blog\src\main\java\com\kitty\blog\repository\CommentRepository.java", "Java", 0, 21, 0, 0, 0, 38, 10, 69
"d:\examples\blog\src\main\java\com\kitty\blog\repository\FavoriteRepository.java", "Java", 0, 21, 0, 0, 0, 53, 15, 89
"d:\examples\blog\src\main\java\com\kitty\blog\repository\MessageRepository.java", "Java", 0, 48, 0, 0, 0, 88, 17, 153
"d:\examples\blog\src\main\java\com\kitty\blog\repository\PermissionRepository.java", "Java", 0, 15, 0, 0, 0, 23, 7, 45
"d:\examples\blog\src\main\java\com\kitty\blog\repository\PostAttachmentRepository.java", "Java", 0, 13, 0, 0, 0, 26, 12, 51
"d:\examples\blog\src\main\java\com\kitty\blog\repository\PostRepository.java", "Java", 0, 48, 0, 0, 0, 115, 21, 184
"d:\examples\blog\src\main\java\com\kitty\blog\repository\PostVersionRepository.java", "Java", 0, 15, 0, 0, 0, 15, 6, 36
"d:\examples\blog\src\main\java\com\kitty\blog\repository\ReportRepository.java", "Java", 0, 28, 0, 0, 0, 60, 13, 101
"d:\examples\blog\src\main\java\com\kitty\blog\repository\RolePermissionRepository.java", "Java", 0, 19, 0, 0, 0, 30, 8, 57
"d:\examples\blog\src\main\java\com\kitty\blog\repository\RoleRepository.java", "Java", 0, 22, 0, 0, 0, 46, 13, 81
"d:\examples\blog\src\main\java\com\kitty\blog\repository\UserActivityRepository.java", "Java", 0, 21, 0, 0, 0, 38, 10, 69
"d:\examples\blog\src\main\java\com\kitty\blog\repository\UserRepository.java", "Java", 0, 35, 0, 0, 0, 100, 21, 156
"d:\examples\blog\src\main\java\com\kitty\blog\repository\UserRoleRepository.java", "Java", 0, 24, 0, 0, 0, 27, 11, 62
"d:\examples\blog\src\main\java\com\kitty\blog\repository\UserSettingRepository.java", "Java", 0, 13, 0, 0, 0, 16, 7, 36
"d:\examples\blog\src\main\java\com\kitty\blog\repository\tag\TagRepository.java", "Java", 0, 17, 0, 0, 0, 31, 9, 57
"d:\examples\blog\src\main\java\com\kitty\blog\repository\tag\TagSpecification.java", "Java", 0, 18, 0, 0, 0, 0, 6, 24
"d:\examples\blog\src\main\java\com\kitty\blog\security\JwtTokenUtil.java", "Java", 0, 152, 0, 0, 0, 4, 21, 177
"d:\examples\blog\src\main\java\com\kitty\blog\security\SecretKeyGenerator.java", "Java", 0, 10, 0, 0, 0, 0, 3, 13
"d:\examples\blog\src\main\java\com\kitty\blog\security\filter\JwtAuthenticationEntryPoint.java", "Java", 0, 28, 0, 0, 0, 0, 6, 34
"d:\examples\blog\src\main\java\com\kitty\blog\security\filter\JwtAuthenticationFilter.java", "Java", 0, 52, 0, 0, 0, 2, 10, 64
"d:\examples\blog\src\main\java\com\kitty\blog\security\filter\LoginFilter.java", "Java", 0, 0, 0, 0, 0, 59, 1, 60
"d:\examples\blog\src\main\java\com\kitty\blog\service\CaptchaService.java", "Java", 0, 85, 0, 0, 0, 7, 20, 112
"d:\examples\blog\src\main\java\com\kitty\blog\service\CategoryService.java", "Java", 0, 183, 0, 0, 0, 11, 28, 222
"d:\examples\blog\src\main\java\com\kitty\blog\service\CommentService.java", "Java", 0, 162, 0, 0, 0, 29, 31, 222
"d:\examples\blog\src\main\java\com\kitty\blog\service\EmailVerificationService.java", "Java", 0, 87, 0, 0, 0, 8, 17, 112
"d:\examples\blog\src\main\java\com\kitty\blog\service\ExportService.java", "Java", 0, 88, 0, 0, 0, 38, 31, 157
"d:\examples\blog\src\main\java\com\kitty\blog\service\FavoriteService.java", "Java", 0, 144, 0, 0, 0, 13, 22, 179
"d:\examples\blog\src\main\java\com\kitty\blog\service\MessageService.java", "Java", 0, 272, 0, 0, 0, 33, 36, 341
"d:\examples\blog\src\main\java\com\kitty\blog\service\MyUserDetailService.java", "Java", 0, 58, 0, 0, 0, 1, 10, 69
"d:\examples\blog\src\main\java\com\kitty\blog\service\PermissionService.java", "Java", 0, 50, 0, 0, 0, 3, 15, 68
"d:\examples\blog\src\main\java\com\kitty\blog\service\PostService.java", "Java", 0, 390, 0, 0, 0, 14, 54, 458
"d:\examples\blog\src\main\java\com\kitty\blog\service\PostVersionService.java", "Java", 0, 99, 0, 0, 0, 3, 21, 123
"d:\examples\blog\src\main\java\com\kitty\blog\service\ReportService.java", "Java", 0, 172, 0, 0, 0, 6, 23, 201
"d:\examples\blog\src\main\java\com\kitty\blog\service\RolePermissionService.java", "Java", 0, 57, 0, 0, 0, 3, 15, 75
"d:\examples\blog\src\main\java\com\kitty\blog\service\RoleService.java", "Java", 0, 128, 0, 0, 0, 6, 22, 156
"d:\examples\blog\src\main\java\com\kitty\blog\service\TagService.java", "Java", 0, 110, 0, 0, 0, 9, 23, 142
"d:\examples\blog\src\main\java\com\kitty\blog\service\UserActivityService.java", "Java", 0, 135, 0, 0, 0, 3, 22, 160
"d:\examples\blog\src\main\java\com\kitty\blog\service\UserRoleService.java", "Java", 0, 84, 0, 0, 0, 3, 16, 103
"d:\examples\blog\src\main\java\com\kitty\blog\service\UserService.java", "Java", 0, 227, 0, 0, 0, 11, 43, 281
"d:\examples\blog\src\main\java\com\kitty\blog\service\UserSettingService.java", "Java", 0, 76, 0, 0, 0, 4, 13, 93
"d:\examples\blog\src\main\java\com\kitty\blog\service\contentReview\BaiduContentService.java", "Java", 0, 70, 0, 0, 0, 23, 17, 110
"d:\examples\blog\src\main\java\com\kitty\blog\service\contentReview\Base64Util.java", "Java", 0, 55, 0, 0, 0, 3, 8, 66
"d:\examples\blog\src\main\java\com\kitty\blog\service\contentReview\FileUtil.java", "Java", 0, 51, 0, 0, 0, 12, 10, 73
"d:\examples\blog\src\main\java\com\kitty\blog\service\contentReview\GsonUtils.java", "Java", 0, 17, 0, 0, 0, 6, 7, 30
"d:\examples\blog\src\main\java\com\kitty\blog\service\contentReview\HttpUtil.java", "Java", 0, 59, 0, 0, 0, 10, 9, 78
"d:\examples\blog\src\main\java\com\kitty\blog\service\postAnalysis\author\AuthorAnalyticsService.java", "Java", 0, 177, 0, 0, 0, 77, 57, 311
"d:\examples\blog\src\main\java\com\kitty\blog\service\postAnalysis\reader\RecommendationService.java", "Java", 0, 100, 0, 0, 0, 34, 25, 159
"d:\examples\blog\src\main\java\com\kitty\blog\utils\AliyunOSSUploader.java", "Java", 0, 99, 0, 0, 0, 32, 21, 152
"d:\examples\blog\src\main\java\com\kitty\blog\utils\RedisUtil.java", "Java", 0, 31, 0, 0, 0, 21, 11, 63
"d:\examples\blog\src\main\java\com\kitty\blog\utils\Response.java", "Java", 0, 69, 0, 0, 0, 6, 19, 94
"d:\examples\blog\src\main\java\com\kitty\blog\utils\UpdateUtil.java", "Java", 0, 19, 0, 0, 0, 2, 4, 25
"d:\examples\blog\src\main\resources\application-dev.yml", "YAML", 99, 0, 0, 0, 0, 33, 15, 147
"d:\examples\blog\src\main\resources\application-prod.yml", "YAML", 0, 0, 0, 0, 0, 0, 1, 1
"d:\examples\blog\src\main\resources\application.properties", "Java Properties", 0, 0, 0, 0, 7, 3, 3, 13
"d:\examples\blog\src\main\resources\application.yml", "YAML", 3, 0, 0, 0, 0, 1, 1, 5
"d:\examples\blog\src\main\resources\logback-spring.xml", "XML", 0, 0, 29, 0, 0, 4, 4, 37
"d:\examples\blog\src\main\resources\logback.xml", "XML", 0, 0, 19, 0, 0, 4, 3, 26
"d:\examples\blog\src\main\resources\sql\init\admin_init.sql", "MS SQL", 0, 0, 0, 0, 0, 0, 1, 1
"d:\examples\blog\src\main\resources\sql\init\permission_init.sql", "MS SQL", 0, 0, 0, 64, 0, 23, 22, 109
"d:\examples\blog\src\main\resources\sql\init\role_init.sql", "MS SQL", 0, 0, 0, 11, 0, 11, 0, 22
"d:\examples\blog\src\main\resources\sql\init\role_permission_init.sql", "MS SQL", 0, 0, 0, 64, 0, 12, 14, 90
"d:\examples\blog\src\test\java\com\kitty\blog\AliyunOSSTest.java", "Java", 0, 0, 0, 0, 0, 21, 1, 22
"d:\examples\blog\src\test\java\com\kitty\blog\BlogApplicationTests.java", "Java", 0, 9, 0, 0, 0, 0, 5, 14
"d:\examples\blog\src\test\resources\application-test.yml", "YAML", 15, 0, 0, 0, 0, 2, 2, 19
"Total", "-", 117, 9621, 48, 139, 7, 2344, 1887, 14163